bairro,lat,lon,osm_type,osm_id,location_id,weather_time,temperature_2m_max,temperature_2m_min,apparent_temperature_max,apparent_temperature_min,weather_code,dew_point_2m_max,dew_point_2m_min,temperature_2m_mean,apparent_temperature_mean,relative_humidity_2m_mean,relative_humidity_2m_max,relative_humidity_2m_min,precipitation_probability_mean,precipitation_probability_min
Interlagos,-23.7011674,-46.7082912,node,205197916,0,,,,,,,,,,,,,,,
Tatuapé,-23.5408911,-46.5750093,node,243072564,1,,,,,,,,,,,,,,,
Marsilac,-23.9083907,-46.7061053,node,368179749,2,,,,,,,,,,,,,,,
Parelheiros,-23.827312,-46.7277941,node,368179752,3,,,,,,,,,,,,,,,
São Mateus,-23.5982995,-46.4817046,node,368179763,4,,,,,,,,,,,,,,,
Sapopemba,-23.6043265,-46.5098851,node,368179775,5,,,,,,,,,,,,,,,
Santa Margarida Paulista,-23.518102,-46.39891,node,368179785,6,,,,,,,,,,,,,,,
Vila Leopoldina,-23.5275027,-46.732947,node,408988505,7,,,,,,,,,,,,,,,
Casa Verde,-23.5059269,-46.6561379,node,494743298,8,,,,,,,,,,,,,,,
Limão,-23.5033149,-46.6752722,node,494743302,9,,,,,,,,,,,,,,,
Cerqueira César,-23.5610386,-46.6657633,node,804525256,10,,,,,,,,,,,,,,,
Perdizes,-23.5399887,-46.6709816,node,904629798,11,,,,,,,,,,,,,,,
Sumaré,-23.5453787,-46.6811739,node,904629799,12,,,,,,,,,,,,,,,
Pacaembu,-23.5483884,-46.6678702,node,904629800,13,,,,,,,,,,,,,,,
Alto de Pinheiros,-23.5499064,-46.7076422,node,905083503,14,,,,,,,,,,,,,,,
Vila Madalena,-23.5555025,-46.6911869,node,905083508,15,,,,,,,,,,,,,,,
Vila Beatriz,-23.5499684,-46.6977786,node,914050460,16,,,,,,,,,,,,,,,
Pompéia,-23.5305556,-46.6849797,node,914050462,17,,,,,,,,,,,,,,,
Higienópolis,-23.5442937,-46.6544499,node,917171894,18,,,,,,,,,,,,,,,
São Domingos,-23.4938759,-46.7421942,node,918540458,19,,,,,,,,,,,,,,,
Morro Doce,-23.4459858,-46.7958736,node,918543701,20,,,,,,,,,,,,,,,
Jardim Santa Fé,-23.4268997,-46.7947114,node,918543711,21,,,,,,,,,,,,,,,
Lapa,-23.5215756,-46.7043491,node,923588346,22,,,,,,,,,,,,,,,
Jardim Vila Mariana,-23.5923787,-46.6261595,node,929554325,23,,,,,,,,,,,,,,,
Aricanduva,-23.5780239,-46.511454,node,934863888,24,,,,,,,,,,,,,,,
Jardim Europa,-23.5737047,-46.6823072,node,1000297662,25,,,,,,,,,,,,,,,
Paraíso,-23.5738424,-46.6482539,node,1000297670,26,,,,,,,,,,,,,,,
Jardim Melo,-23.6865424,-46.635203,node,1258059362,27,,,,,,,,,,,,,,,
Jardim Apurá,-23.7123738,-46.6584285,node,1388193189,28,,,,,,,,,,,,,,,
Ermelino Matarazzo,-23.4902552,-46.4824048,node,1610605045,29,,,,,,,,,,,,,,,
Ponte Rasa,-23.5110455,-46.4870517,node,1610612161,30,,,,,,,,,,,,,,,
Jardim Pedro José Nunes,-23.5015079,-46.465787,node,1682423498,31,,,,,,,,,,,,,,,
Jardim Arpoador,-23.5949812,-46.7910827,node,1685306044,32,,,,,,,,,,,,,,,
Jardim João XXIII,-23.6028459,-46.7927124,node,1685306048,33,,,,,,,,,,,,,,,
Jardim Boa Vista,-23.5815403,-46.7913503,node,1685306049,34,,,,,,,,,,,,,,,
Parque Ipê,-23.5957714,-46.7971705,node,1685307256,35,,,,,,,,,,,,,,,
Parque dos Príncipes,-23.5756693,-46.7709742,node,1697551967,36,,,,,,,,,,,,,,,
Jardim D'Abril,-23.5738706,-46.7795188,node,1697551983,37,,,,,,,,,,,,,,,
Vila Ipojuca,-23.5335192,-46.7084654,node,1707558490,38,,,,,,,,,,,,,,,
Vila Anglo-Brasileira,-23.5400826,-46.69492,node,1707884909,39,,,,,,,,,,,,,,,
Bairro Siciliano,-23.5343382,-46.6983219,node,1707931122,40,,,,,,,,,,,,,,,
Bela Aliança,-23.5248526,-46.7225147,node,1707931125,41,,,,,,,,,,,,,,,
Boaçava,-23.540313,-46.7226097,node,1707931127,42,,,,,,,,,,,,,,,
Sumarezinho,-23.5471111,-46.6921511,node,1707931135,43,,,,,,,,,,,,,,,
Vila Argentina,-23.5375059,-46.7048754,node,1707931140,44,,,,,,,,,,,,,,,
Vila Hamburguesa,-23.5334607,-46.7262582,node,1707931149,45,,,,,,,,,,,,,,,
Vila Ida,-23.5431007,-46.7074196,node,1707931152,46,,,,,,,,,,,,,,,
Vila Anastácio,-23.5155169,-46.7182463,node,1707967225,47,,,,,,,,,,,,,,,
Parque Monteiro Soares,-23.4904769,-46.6877119,node,1822482786,48,,,,,,,,,,,,,,,
Jaguara,-23.513823,-46.7472338,node,1895614008,49,,,,,,,,,,,,,,,
Vila Amélia,-23.471303,-46.6528931,node,1910726219,50,,,,,,,,,,,,,,,
Cidade Tiradentes,-23.5801711,-46.3970559,node,1936083395,51,,,,,,,,,,,,,,,
Bixiga,-23.5577085,-46.6468132,node,2021982600,52,,,,,,,,,,,,,,,
Parque Mandaqui,-23.4664042,-46.6334207,node,2076975854,53,,,,,,,,,,,,,,,
Jardim Iporã,-23.7839695,-46.7117903,node,2097475317,54,,,,,,,,,,,,,,,
Santana,-23.5021182,-46.6270233,node,2261345634,55,,,,,,,,,,,,,,,
Tremembé,-23.4482881,-46.6029761,node,2261345635,56,,,,,,,,,,,,,,,
Vila Maria,-23.5131836,-46.5891557,node,2261345636,57,,,,,,,,,,,,,,,
Parque Continental,-23.5445527,-46.7582103,node,2342791980,58,,,,,,,,,,,,,,,
Jardim Três Marias,-23.517715,-46.4934118,node,2580803700,59,,,,,,,,,,,,,,,
Jardim Lisboa,-23.5196635,-46.4977812,node,2580804882,60,,,,,,,,,,,,,,,
Jardim Nordeste,-23.5331087,-46.4845035,node,2580874436,61,,,,,,,,,,,,,,,
Parque das Paineiras,-23.537549,-46.4829875,node,2580876421,62,,,,,,,,,,,,,,,
Vila São Francisco,-23.5187828,-46.4911783,node,2583059588,63,,,,,,,,,,,,,,,
Cidade Antônio Estêvão de Carvalho,-23.5354377,-46.4699282,node,2583513745,64,,,,,,,,,,,,,,,
Jardim Popular,-23.5168481,-46.5037729,node,2583542508,65,,,,,,,,,,,,,,,
Vila Ré,-23.5283751,-46.4978419,node,2583562287,66,,,,,,,,,,,,,,,
Vila Granada,-23.5235058,-46.5143047,node,2583564286,67,,,,,,,,,,,,,,,
Vila Marieta,-23.5163924,-46.5231628,node,2583567728,68,,,,,,,,,,,,,,,
Vila Rio Branco,-23.5119382,-46.494894,node,2583593131,69,,,,,,,,,,,,,,,
Burgo Paulista,-23.5253848,-46.4823717,node,2584288606,70,,,,,,,,,,,,,,,
Artur Alvim,-23.5404687,-46.4897914,node,2586670167,71,,,,,,,,,,,,,,,
Vila Costa Melo,-23.5153984,-46.5140675,node,2595330850,72,,,,,,,,,,,,,,,
Vila Buenos Aires,-23.5091576,-46.5147421,node,2595330857,73,,,,,,,,,,,,,,,
Engenheiro Goulart,-23.5004492,-46.527816,node,2600571132,74,,,,,,,,,,,,,,,
Rio Pequeno,-23.5708857,-46.7586552,node,2714590684,75,,,,,,,,,,,,,,,
Vila Carrão,-23.5498671,-46.5385802,node,2714596081,76,,,,,,,,,,,,,,,
Itaquera,-23.5360799,-46.4555099,node,2714602584,77,,,,,,,,,,,,,,,
República,-23.5437248,-46.6409783,node,2714605300,78,,,,,,,,,,,,,,,
Sé,-23.5488069,-46.6317734,node,2714609852,79,,,,,,,,,,,,,,,
Moema,-23.597085,-46.6628884,node,2714628617,80,,,,,,,,,,,,,,,
Grajaú,-23.7799713,-46.6737655,node,2714642529,81,,,,,,,,,,,,,,,
Barra Funda,-23.5210941,-46.6736608,node,2714650702,82,,,,,,,,,,,,,,,
Bela Vista,-23.5601219,-46.6500338,node,2714657796,83,,,,,,,,,,,,,,,
Bom Retiro,-23.5251634,-46.6381644,node,2714662259,84,,,,,,,,,,,,,,,
Brás,-23.5429572,-46.6172504,node,2714666119,85,,,,,,,,,,,,,,,
Consolação,-23.5492405,-46.6601294,node,2714668223,86,,,,,,,,,,,,,,,
Liberdade,-23.5664506,-46.6313629,node,2714671814,87,,,,,,,,,,,,,,,
Pedreira,-23.7079449,-46.6519145,node,2714677556,88,,,,,,,,,,,,,,,
Santo Amaro,-23.6405602,-46.7007164,node,2714680237,89,,,,,,,,,,,,,,,
Mooca,-23.5606808,-46.5971924,node,2714681529,90,,,,,,,,,,,,,,,
Raposo Tavares,-23.5909877,-46.785197,node,2714683684,91,,,,,,,,,,,,,,,
São Rafael,-23.6270938,-46.455405,node,2714793741,92,,,,,,,,,,,,,,,
Freguesia do Ó,-23.4874636,-46.6951317,node,2714797118,93,,,,,,,,,,,,,,,
Sacomã,-23.6115054,-46.5969515,node,2714818930,94,,,,,,,,,,,,,,,
Capão Redondo,-23.6710997,-46.7798413,node,2714879151,95,,,,,,,,,,,,,,,
Jardim São Luís,-23.6739274,-46.7407377,node,2714880148,96,,,,,,,,,,,,,,,
Socorro,-23.6840338,-46.7092524,node,2714881252,97,,,,,,,,,,,,,,,
Cidade Ademar,-23.6730116,-46.6552806,node,2714883511,98,,,,,,,,,,,,,,,
Campo Limpo,-23.6361999,-46.7627968,node,2714886290,99,,,,,,,,,,,,,,,
Vila Andrade,-23.625687,-46.7269894,node,2714887392,100,,,,,,,,,,,,,,,
Belém,-23.5348833,-46.5949387,node,2716396530,101,,,,,,,,,,,,,,,
Água Rasa,-23.5661088,-46.5707669,node,2719633410,102,,,,,,,,,,,,,,,
Vila Prudente,-23.5915159,-46.5726471,node,2719636356,103,,,,,,,,,,,,,,,
São Lucas,-23.5948313,-46.5430627,node,2719682876,104,,,,,,,,,,,,,,,
Vila Matilde,-23.536179,-46.524605,node,2719735524,105,,,,,,,,,,,,,,,
Jabaquara,-23.6487101,-46.645451,node,2726220710,106,,,,,,,,,,,,,,,
Vila Formosa,-23.5668764,-46.5463233,node,2726222234,107,,,,,,,,,,,,,,,
Iguatemi,-23.6110664,-46.4250404,node,2726234511,108,,,,,,,,,,,,,,,
Guaianases,-23.5522554,-46.4069533,node,2726234783,109,,,,,,,,,,,,,,,
José Bonifácio,-23.5665859,-46.4353534,node,2726241703,110,,,,,,,,,,,,,,,
Lajeado,-23.5348823,-46.4088939,node,2745965316,111,,,,,,,,,,,,,,,
Vila Medeiros,-23.487707,-46.5844955,node,2745988442,112,,,,,,,,,,,,,,,
Parque Taipas,-23.428522,-46.7137028,node,2746004940,113,,,,,,,,,,,,,,,
Vila Buarque,-23.5445621,-46.647552,node,2795653755,114,,,,,,,,,,,,,,,
Santa Cecília,-23.5379492,-46.6573587,node,2795663774,115,,,,,,,,,,,,,,,
Jardim Paulista,-23.5652185,-46.6601846,node,2795664627,116,,,,,,,,,,,,,,,
Cambuci,-23.5673017,-46.618471,node,3830534181,117,,,,,,,,,,,,,,,
Campo Belo,-23.6299339,-46.670417,node,3830534182,118,,,,,,,,,,,,,,,
Jardim Previdência,-23.6225846,-46.6175165,node,3830534183,119,,,,,,,,,,,,,,,
Ipiranga,-23.5945353,-46.6026685,node,3830534184,120,,,,,,,,,,,,,,,
Vila Mariana,-23.5925361,-46.6357123,node,3830534186,121,,,,,,,,,,,,,,,
Vila Sônia,-23.5986562,-46.7392935,node,3830534187,122,,,,,,,,,,,,,,,
Vila Mazzei,-23.4729562,-46.6008217,node,3861320381,123,,,,,,,,,,,,,,,
Bortolândia,-23.4546742,-46.598442,node,3861320382,124,,,,,,,,,,,,,,,
Vila Guilhermina,-23.533387,-46.5153418,node,3863001111,125,,,,,,,,,,,,,,,
Cangaíba,-23.5058996,-46.5314253,node,3863001112,126,,,,,,,,,,,,,,,
Jardim França,-23.4771766,-46.6143865,node,3863036998,127,,,,,,,,,,,,,,,
Parque Palmas do Tremembé,-23.4605731,-46.6075123,node,3863036999,128,,,,,,,,,,,,,,,
Vila Azevedo,-23.5426905,-46.5713601,node,3863065125,129,,,,,,,,,,,,,,,
Vila Isolina Mazzei,-23.4930386,-46.6038231,node,3863080294,130,,,,,,,,,,,,,,,
Vila Albertina,-23.4520555,-46.6113118,node,3863080295,131,,,,,,,,,,,,,,,
Jardim São Paulo,-23.4910142,-46.6187979,node,3863080296,132,,,,,,,,,,,,,,,
Vila Aurora,-23.4742267,-46.6256,node,3863080297,133,,,,,,,,,,,,,,,
Jardim Peri,-23.4570897,-46.6668812,node,3863080299,134,,,,,,,,,,,,,,,
Jaraguá,-23.455682,-46.7395122,node,3863107134,135,,,,,,,,,,,,,,,
Parque Nações Unidas,-23.4463355,-46.7375747,node,3863107135,136,,,,,,,,,,,,,,,
Jardim Britânia,-23.4345532,-46.7835995,node,3863136317,137,,,,,,,,,,,,,,,
Jardim Danfer,-23.5024969,-46.5067477,node,3863136318,138,,,,,,,,,,,,,,,
Jardim Robru,-23.5220964,-46.4122035,node,3863170746,139,,,,,,,,,,,,,,,
Parque da Mooca,-23.5705085,-46.5869081,node,3863170747,140,,,,,,,,,,,,,,,
Glicério,-23.5530554,-46.6290085,node,3863181814,141,,,,,,,,,,,,,,,
Penha,-23.523683,-46.5437815,node,3864810818,142,,,,,,,,,,,,,,,
Vila Esperança,-23.5255852,-46.5277235,node,3864810819,143,,,,,,,,,,,,,,,
Limoeiro,-23.5093496,-46.4660017,node,3864814340,144,,,,,,,,,,,,,,,
Jardim Brasil,-23.4819102,-46.5764471,node,3864820283,145,,,,,,,,,,,,,,,
Parque Novo Mundo,-23.5144938,-46.5684596,node,3864821179,146,,,,,,,,,,,,,,,
Jardim Japão,-23.5021791,-46.5808888,node,3864821180,147,,,,,,,,,,,,,,,
Imirim,-23.4910951,-46.6470601,node,3865845541,148,,,,,,,,,,,,,,,
Parque Guarani,-23.5181608,-46.4629905,node,3865934764,149,,,,,,,,,,,,,,,
Vila Chavantes,-23.5147409,-46.4422707,node,3865934765,150,,,,,,,,,,,,,,,
Parque Savoy City,-23.5632664,-46.4894831,node,3865936387,151,,,,,,,,,,,,,,,
Jardim Imperador,-23.5863755,-46.4995977,node,3865936388,152,,,,,,,,,,,,,,,
Jardim Anália Franco,-23.5557765,-46.5622613,node,3865944659,153,,,,,,,,,,,,,,,
Campos Elísios,-23.5320539,-46.64774,node,3865944660,154,,,,,,,,,,,,,,,
Piqueri,-23.499963,-46.7123753,node,3865983759,155,,,,,,,,,,,,,,,
Vila Laís,-23.5179561,-46.5418779,node,3868977383,156,,,,,,,,,,,,,,,
Cidade Patriarca,-23.5390931,-46.5039285,node,3868977384,157,,,,,,,,,,,,,,,
Jardim Camargo Novo,-23.5043429,-46.3837673,node,3869013557,158,,,,,,,,,,,,,,,
Itaim Paulista,-23.5017648,-46.3996091,node,3869013558,159,,,,,,,,,,,,,,,
Canindé,-23.5269919,-46.6205256,node,3869021957,160,,,,,,,,,,,,,,,
Pari,-23.532976,-46.6158488,node,3869021958,161,,,,,,,,,,,,,,,
Vila Guilherme,-23.5170972,-46.6079618,node,3869044477,162,,,,,,,,,,,,,,,
Vila Ede,-23.4936595,-46.5933904,node,3869044478,163,,,,,,,,,,,,,,,
Vila Gustavo,-23.480713,-46.5958215,node,3869044479,164,,,,,,,,,,,,,,,
Parque Vitória,-23.4713113,-46.5947064,node,3869071257,165,,,,,,,,,,,,,,,
Jaçanã,-23.4629935,-46.582443,node,3869071258,166,,,,,,,,,,,,,,,
Vila Nilo,-23.4601735,-46.574454,node,3869071259,167,,,,,,,,,,,,,,,
Jardim Guapira,-23.4573682,-46.5887224,node,3869071260,168,,,,,,,,,,,,,,,
Furnas,-23.4431295,-46.59357,node,3869071261,169,,,,,,,,,,,,,,,
Jardim Fontalis,-23.4358302,-46.5770716,node,3869071262,170,,,,,,,,,,,,,,,
Horto Florestal,-23.4543776,-46.6287381,node,3869082969,171,,,,,,,,,,,,,,,
Parada Inglesa,-23.4861894,-46.6091055,node,3869082970,172,,,,,,,,,,,,,,,
Água Fria,-23.4817879,-46.62499,node,3869082971,173,,,,,,,,,,,,,,,
Jardim São Bento,-23.5050514,-46.6487467,node,3869103434,174,,,,,,,,,,,,,,,
Parque São Jorge,-23.5299682,-46.5660668,node,3869768232,175,,,,,,,,,,,,,,,
Itaim Bibi,-23.5843807,-46.6784441,node,3869769891,176,,,,,,,,,,,,,,,
Vila Olímpia,-23.5940375,-46.6842299,node,3869769892,177,,,,,,,,,,,,,,,
Cidade Jardim,-23.5898336,-46.6990243,node,3869797157,178,,,,,,,,,,,,,,,
Morumbi,-23.5974288,-46.7067746,node,3869797158,179,,,,,,,,,,,,,,,
Indianópolis,-23.6074637,-46.6689221,node,3869797159,180,,,,,,,,,,,,,,,
Brooklin Novo,-23.6214866,-46.6883182,node,3869797160,181,,,,,,,,,,,,,,,
Paraisópolis,-23.6153036,-46.7257516,node,3869797161,182,,,,,,,,,,,,,,,
Jaguaré,-23.5492216,-46.7440686,node,3869811857,183,,,,,,,,,,,,,,,
Casa Verde Alta,-23.497698,-46.6565761,node,3871376135,184,,,,,,,,,,,,,,,
Alto de Santana,-23.4887815,-46.6300515,node,3871376136,185,,,,,,,,,,,,,,,
Água Branca,-23.5117516,-46.7021626,node,3871376137,186,,,,,,,,,,,,,,,
Pinheiros,-23.5635704,-46.6857037,node,3871394541,187,,,,,,,,,,,,,,,
Jardim Marajoara,-23.6553634,-46.6849371,node,3871394542,188,,,,,,,,,,,,,,,
Cidade Líder,-23.5627696,-46.4943334,node,3874599603,189,,,,,,,,,,,,,,,
Jardim Romano,-23.4803729,-46.3840889,node,3874599604,190,,,,,,,,,,,,,,,
Jardim Ângela,-23.7125278,-46.7687195,node,3874599605,191,,,,,,,,,,,,,,,
Pirituba,-23.485533,-46.7219385,node,3874599606,192,,,,,,,,,,,,,,,
Vila Sabrina,-23.4912022,-46.5766581,node,3876393096,193,,,,,,,,,,,,,,,
Brasilândia,-23.4649661,-46.6913891,node,3883493948,194,,,,,,,,,,,,,,,
Tucuruvi,-23.480623,-46.6052628,node,3884918673,195,,,,,,,,,,,,,,,
Jardim Leonor Mendes de Barros,-23.4662424,-46.6106314,node,3884946671,196,,,,,,,,,,,,,,,
Vila Paulicéia,-23.4882686,-46.6146814,node,3885134033,197,,,,,,,,,,,,,,,
São Miguel,-23.4948785,-46.4390788,node,3885140309,198,,,,,,,,,,,,,,,
Vila Curuçá,-23.5027103,-46.4240451,node,3885142695,199,,,,,,,,,,,,,,,
Chácara Jaraguá,-23.4380214,-46.7912194,node,3885395671,200,,,,,,,,,,,,,,,
Vila Aricanduva,-23.536301,-46.5415824,node,3939527909,201,,,,,,,,,,,,,,,
Vila Nova Curuça,-23.5171184,-46.4191889,node,3939543457,202,,,,,,,,,,,,,,,
Santa Ifigênia,-23.5376199,-46.6391827,node,3939556843,203,,,,,,,,,,,,,,,
Bairro da Luz,-23.5336388,-46.6319611,node,3939556844,204,,,,,,,,,,,,,,,
Chacara Cruzeiro do Sul,-23.5107749,-46.5340548,node,3939556845,205,,,,,,,,,,,,,,,
Vila Rosa,-23.4589264,-46.6300603,node,3944215255,206,,,,,,,,,,,,,,,
Lauzane Paulista,-23.4713573,-46.6445383,node,3944215457,207,,,,,,,,,,,,,,,
Jardim Etelvina,-23.5301752,-46.4192543,node,3944215467,208,,,,,,,,,,,,,,,
Jardim Ipê,-23.5002153,-46.414543,node,3944215468,209,,,,,,,,,,,,,,,
Vila Jacuí,-23.5051091,-46.4519529,node,3944683900,210,,,,,,,,,,,,,,,
Ferreira,-23.6076439,-46.7497326,node,4070089237,211,,,,,,,,,,,,,,,
Vila Clementino,-23.5980058,-46.6434179,node,4150232427,212,,,,,,,,,,,,,,,
Mandaqui,-23.4636929,-46.6416113,node,4163372410,213,,,,,,,,,,,,,,,
Cachoeirinha,-23.4630177,-46.6610721,node,4163372411,214,,,,,,,,,,,,,,,
Butantã,-23.5693582,-46.7278225,node,4165851986,215,,,,,,,,,,,,,,,
Parque do Carmo,-23.5787082,-46.458056,node,4165853428,216,,,,,,,,,,,,,,,
Vila Alpina,-23.5958577,-46.5589304,node,4177239487,217,,,,,,,,,,,,,,,
Parada XV de Novembro,-23.5302754,-46.4344073,node,4177265195,218,,,,,,,,,,,,,,,
Vila Dalila,-23.5463973,-46.5203526,node,4196230005,219,,,,,,,,,,,,,,,
Jardim Aurélia,-23.5959428,-46.6241604,node,4310363417,220,,,,,,,,,,,,,,,
Jardim da Glória,-23.5827197,-46.6219813,node,4310415970,221,,,,,,,,,,,,,,,
Aclimação,-23.5671021,-46.6268011,node,4310417441,222,,,,,,,,,,,,,,,
Vila Monumento,-23.5764219,-46.6137805,node,4310420100,223,,,,,,,,,,,,,,,
São Judas,-23.6253816,-46.6356704,node,4311619640,224,,,,,,,,,,,,,,,
VIla Prado,-23.493709,-46.6754694,node,4311619641,225,,,,,,,,,,,,,,,
Vila Dom Pedro I,-23.6019303,-46.6136603,node,4317651957,226,,,,,,,,,,,,,,,
Vila Gumercindo,-23.6046683,-46.6209505,node,4317654890,227,,,,,,,,,,,,,,,
Jardim Almeida,-23.8013288,-46.7284859,node,4338824056,228,,,,,,,,,,,,,,,
São João Climaco,-23.6242684,-46.5941503,node,4358172902,229,,,,,,,,,,,,,,,
Vila Moinho Velho,-23.6120298,-46.6032972,node,4358191125,230,,,,,,,,,,,,,,,
Jardim Imperador (Zona Sul),-23.6432748,-46.6071139,node,4487415002,231,,,,,,,,,,,,,,,
Vila Gomes Cardim,-23.5451502,-46.5617029,node,4547032844,232,,,,,,,,,,,,,,,
Jardim Guaraú,-23.5954435,-46.7666459,node,4649080841,233,,,,,,,,,,,,,,,
Jardim Silva Teles,-23.5011873,-46.4079303,node,4707575768,234,,,,,,,,,,,,,,,
Jardim Guarujá,-23.6937284,-46.7898945,node,4724206142,235,,,,,,,,,,,,,,,
Jardim Paulo VI,-23.5997211,-46.7872301,node,4760826463,236,,,,,,,,,,,,,,,
Vila Cardoso Franco,-23.6250707,-46.5061704,node,4768754365,237,,,,,,,,,,,,,,,
Jardim São Roberto,-23.6181147,-46.4987297,node,4768844818,238,,,,,,,,,,,,,,,
Fazenda da Juta,-23.6199234,-46.4902795,node,4768909857,239,,,,,,,,,,,,,,,
Chácara Flora,-23.646765,-46.6854358,node,4789006798,240,,,,,,,,,,,,,,,
Jardim Brasília,-23.5546442,-46.4927353,node,4821532050,241,,,,,,,,,,,,,,,
Jardim São Luís (Zona leste),-23.4961343,-46.3862855,node,4823235652,242,,,,,,,,,,,,,,,
Vila Santo Estéfano,-23.6234977,-46.6242477,node,4856928705,243,,,,,,,,,,,,,,,
Bosque da Saúde,-23.6094152,-46.6251697,node,4856928706,244,,,,,,,,,,,,,,,
Jardim da Saúde,-23.6171973,-46.6185362,node,4856928707,245,,,,,,,,,,,,,,,
Vila das Mercês,-23.6231613,-46.6085346,node,4856928708,246,,,,,,,,,,,,,,,
Mirandópolis,-23.608307,-46.6424478,node,4856928709,247,,,,,,,,,,,,,,,
Chácara Inglesa,-23.608307,-46.6323198,node,4856928710,248,,,,,,,,,,,,,,,
Morro dos Ingleses,-23.5615632,-46.6473877,node,4856928711,249,,,,,,,,,,,,,,,
Vila Monte Alegre,-23.6275981,-46.6352361,node,4856928712,250,,,,,,,,,,,,,,,
Parque Imperial,-23.6220795,-46.6352066,node,4856928713,251,,,,,,,,,,,,,,,
Vila Guarani,-23.6366083,-46.6366761,node,4856928714,252,,,,,,,,,,,,,,,
Vila Firmiano Pinto,-23.5989037,-46.6194234,node,5080636603,253,,,,,,,,,,,,,,,
Vila da Saúde,-23.6186644,-46.6366592,node,5118795921,254,,,,,,,,,,,,,,,
Vila do Bosque,-23.6204028,-46.6299228,node,5118795922,255,,,,,,,,,,,,,,,
Vargem Grande,-23.860568,-46.7076294,node,5207415844,256,,,,,,,,,,,,,,,
Lagoa Grande,-23.8449471,-46.7771147,node,5276511917,257,,,,,,,,,,,,,,,
Vila Sá Barbosa,-23.5310216,-46.6271835,node,5308579166,258,,,,,,,,,,,,,,,
Colônia,-23.8491678,-46.6990131,node,5588644669,259,,,,,,,,,,,,,,,
Vila Arriete,-23.6821499,-46.6824429,node,5597522525,260,,,,,,,,,,,,,,,
Conjunto Habitacional Padre Manoel da Nobrega,-23.5454002,-46.4790104,node,5610047457,261,,,,,,,,,,,,,,,
Jardim Jussara,-23.5955395,-46.7597237,node,5618568127,262,,,,,,,,,,,,,,,
Jardim Modelo,-23.4678052,-46.5756811,node,5719020109,263,,,,,,,,,,,,,,,
Chácara Everest,-23.5952396,-46.8070705,node,5732649096,264,,,,,,,,,,,,,,,
Jardim Dracena,-23.5927619,-46.7597262,node,5747582818,265,,,,,,,,,,,,,,,
Jardim Papai Noel,-23.8254716,-46.7024022,node,5816679733,266,,,,,,,,,,,,,,,
Jardim São Norberto,-23.8188671,-46.7050479,node,5816679734,267,,,,,,,,,,,,,,,
Jardim São Nicolau,-23.827615,-46.6974912,node,5816679735,268,,,,,,,,,,,,,,,
Cidade Dutra,-23.7139643,-46.6990882,node,5986658414,269,,,,,,,,,,,,,,,
Jardim Santa Terezinha,-23.8524554,-46.6963257,node,6206874028,270,,,,,,,,,,,,,,,
City Jaraguá,-23.4385795,-46.7343069,node,6379974334,271,,,,,,,,,,,,,,,
Jardim Miriam,-23.6810039,-46.6396596,node,6416992639,272,,,,,,,,,,,,,,,
Nova Heliópolis,-23.6125972,-46.5910089,node,6515766232,273,,,,,,,,,,,,,,,
Vila Progresso,-23.5175108,-46.4324327,node,6568069747,274,,,,,,,,,,,,,,,
Jardim Santa Cruz,-23.6406118,-46.5974152,node,6570476900,275,,,,,,,,,,,,,,,
Jardim Helena,-23.479635,-46.4196826,node,6577471580,276,,,,,,,,,,,,,,,
Parada de Taípas,-23.4352886,-46.7169586,node,6578673562,277,,,,,,,,,,,,,,,
Vila Souza,-23.434319,-46.7165213,node,6578709976,278,,,,,,,,,,,,,,,
Jardim Pirituba,-23.4367799,-46.7205286,node,6578709984,279,,,,,,,,,,,,,,,
Vila Arapuã,-23.6350916,-46.5906251,node,6583029827,280,,,,,,,,,,,,,,,
Vila Grão Mogol,-23.4899885,-46.4043778,node,7084941902,281,,,,,,,,,,,,,,,
Vila Aymoré,-23.4876712,-46.4013898,node,7084941965,282,,,,,,,,,,,,,,,
Vila Itaim,-23.4913907,-46.4007568,node,7084942055,283,,,,,,,,,,,,,,,
Nova América,-23.8651749,-46.6742608,node,8649145973,284,,,,,,,,,,,,,,,
Vila Marisa,-23.5084859,-46.7602587,node,8920102130,285,,,,,,,,,,,,,,,
Estrada Vitório Trentin,-23.7230447,-46.797964,node,8978548687,286,,,,,,,,,,,,,,,
União de Vila Nova,-23.4844126,-46.4585784,node,9657091685,287,,,,,,,,,,,,,,,
Bairro da Coroa,-23.5190497,-46.6130701,node,10974318660,288,,,,,,,,,,,,,,,
jardim piratininga,-23.5004749,-46.5344374,node,11520012492,289,,,,,,,,,,,,,,,
Iguaçu,-23.6130815,-46.5218753,node,11608864194,290,,,,,,,,,,,,,,,
Jardim Sapopemba,-23.6094924,-46.4927394,node,11880004198,291,,,,,,,,,,,,,,,
Conjunto Habitacional Teotônio Vilela,-23.6060541,-46.5036559,node,11880040809,292,,,,,,,,,,,,,,,
Vila Bancária,-23.5895946,-46.5229995,node,11880166656,293,,,,,,,,,,,,,,,
Vila Tolstói,-23.5991361,-46.5249038,node,11880166657,294,,,,,,,,,,,,,,,
Carandiru,-23.5122768,-46.6256481,node,12030046295,295,,,,,,,,,,,,,,,
Cidade Vargas,-23.6463946,-46.636193,node,12999571690,296,,,,,,,,,,,,,,,
Vila Santa Catarina,-23.6516782,-46.6569566,node,12999583203,297,,,,,,,,,,,,,,,
Parque Boturussu,-23.4986599,-46.4838764,node,13015342973,298,,,,,,,,,,,,,,,
Perus,-23.407529,-46.7520629,node,13020722668,299,,,,,,,,,,,,,,,
Anhanguera,-23.4209929,-46.8079644,node,13020734411,300,,,,,,,,,,,,,,,
Vila Caiuba,-23.3996607,-46.7497404,node,13020871505,301,,,,,,,,,,,,,,,
Campo Grande,-23.6708976,-46.6892543,node,13021548081,302,,,,,,,,,,,,,,,
Cursino,-23.635293,-46.6213002,node,13021586180,303,,,,,,,,,,,,,,,
Chácara Santo Antônio,-23.6298197,-46.7038751,node,13025375728,304,,,,,,,,,,,,,,,
Caxingui,-23.5804466,-46.7165496,node,13038017337,305,,,,,,,,,,,,,,,
Jardins,-23.5738078,-46.6678314,node,13043512236,306,,,,,,,,,,,,,,,
Granja Julieta,-23.6358906,-46.7057896,node,13102050568,307,,,,,,,,,,,,,,,
Jardim Santo Amaro,-23.6521728,-46.6960195,node,13102070687,308,,,,,,,,,,,,,,,
Jardim dos Estados,-23.6371984,-46.6824091,node,13102098003,309,,,,,,,,,,,,,,,
Jardim Petrópolis,-23.6316703,-46.6839133,node,13102098004,310,,,,,,,,,,,,,,,
Brooklin Velho,-23.6271355,-46.6801055,node,13102098005,311,,,,,,,,,,,,,,,
Chácara Monte Alegre,-23.644373,-46.6769894,node,13102098412,312,,,,,,,,,,,,,,,
Vila Conde do Pinhal,-23.6180521,-46.5937959,node,13300583079,313,,,,,,,,,,,,,,,
Alto do Rivieira,-23.6993644,-46.7617207,way,253716659,314,,,,,,,,,,,,,,,
Jardim Helga,-23.6429602,-46.7738845,way,253717214,315,,,,,,,,,,,,,,,
Jardim Rosana,-23.6465184,-46.7744491,way,253717845,316,,,,,,,,,,,,,,,
Jardim das Oliveiras,-23.4932482,-46.3781159,way,1384106767,317,,,,,,,,,,,,,,,
Jardim Amaralina,-23.604204,-46.7986354,relation,5715226,318,,,,,,,,,,,,,,,
